Task,Start,Finish,Bot
日志分析 #1,09:00:00,10:11:00,数据中心服务
数据库备份 #1,09:30:00,10:14:00,数据中心服务
数据库备份 #2,09:55:00,10:02:00,数据中心服务
用户行为分析 #2,10:15:00,10:41:00,数据中心服务
数据库备份 #3,10:39:00,11:34:00,数据中心服务
用户行为分析 #3,11:27:00,12:05:00,数据中心服务
数据库备份 #4,11:29:00,12:43:00,数据中心服务
数据同步 #1,09:00:00,09:25:00,机器人A
API接口巡检 #1,09:28:00,10:35:00,机器人A
API接口巡检 #2,09:37:00,10:30:00,机器人A
API接口巡检 #3,10:38:00,10:41:00,机器人A
日志分析 #3,10:59:00,11:03:00,机器人A
API接口巡检 #4,11:15:00,11:34:00,机器人A
数据同步 #5,11:15:00,11:18:00,机器人A
数据ETL处理 #1,09:05:00,09:15:00,机器人B
用户行为分析 #1,09:23:00,09:32:00,机器人B
日志分析 #2,10:24:00,10:48:00,机器人B
邮件批量发送 #2,10:48:00,11:58:00,机器人B
数据ETL处理 #3,10:55:00,11:49:00,机器人B
报告生成 #3,11:06:00,12:12:00,机器人B
AI模型训练 #1,09:05:00,09:12:00,机器人C
缓存清理 #1,09:18:00,09:28:00,机器人C
文件归档 #1,09:41:00,10:12:00,机器人C
AI模型训练 #2,10:00:00,11:00:00,机器人C
缓存清理 #2,10:09:00,10:20:00,机器人C
AI模型训练 #3,10:37:00,11:42:00,机器人C
文件归档 #2,10:41:00,11:31:00,机器人C
文件归档 #3,11:29:00,11:51:00,机器人C
系统健康检查 #1,09:14:00,09:59:00,运维机器人
系统健康检查 #4,11:05:00,11:20:00,运维机器人
